{"tck": [[0.0, 0.0, 0.0, 0.0, 5.594816187416801, 10.506443869038222, 15.418071550659644, 20.32969923228106, 25.241326913902483, 30.152954595523905, 35.06458227714533, 39.97620995876675, 44.88783764038817, 49.79946532200959, 54.711093003631014, 59.62272068525243, 64.53434836687384, 69.44597604849527, 74.3576037301167, 76.688485384557, 76.688485384557, 76.688485384557, 76.688485384557], [0.00039494268648107073, 0.05090749690798334, 0.14986265175611513, 0.29093679464823485, 0.42812228315467993, 0.5626458233708306, 0.6979087992435785, 0.8325916155439608, 0.9659625534710033, 1.100081195439187, 1.2324150104138938, 1.3630002513591033, 1.492157965848106, 1.6208813052154163, 1.746965932352255, 1.8687706575505658, 1.967235892954315, 2.0266192540832466, 2.0456170878876736, 0.0, 0.0, 0.0, 0.0], 3], "tck_inv": [[0.0, 0.0, 0.0, 0.0, 0.1534141927493378, 0.28451274419916367, 0.4156112956489896, 0.5467098470988154, 0.6778083985486413, 0.8089069499984671, 0.9400055014482931, 1.071104052898119, 1.2022026043479448, 1.3333011557977708, 1.4643997072475965, 1.5954982586974225, 1.7265968101472484, 1.8576953615970742, 1.9887939130469001, 2.0463310098490743, 2.0463310098490743, 2.0463310098490743, 2.0463310098490743], [-0.0037930516518824096, 1.8678207566590932, 5.232282860048561, 10.271478766167645, 14.971566852266053, 19.743892489330044, 24.516030551511076, 29.281831065499397, 34.11945564380985, 38.89956786606826, 43.76893586116068, 48.672941046430694, 53.65393219873999, 58.654123913721506, 63.72082242435049, 68.99496746082649, 73.37029255178129, 75.9288191839912, 76.70759327833639, 0.0, 0.0, 0.0, 0.0], 3]}